Observation,ForecastExpectedAmount
18,107242.64705882351
19,113387.25490196077
20,119531.86274509803
21,125676.47058823527
22,131821.07843137253
