site_id,site_name,topsis_score,topsis_rank
S05,TechMall,0.9462633866705159,1
S10,EcoShop,0.7150623924987437,2
S07,DailyMarket,0.5178813098925028,3
S02,ShopNova,0.5042574365760478,4
S09,FashionHub,0.4946407186026225,5
S12,RetailMax,0.4943910977570926,6
S01,MarketPro,0.43396787368919765,7
S04,StyleCart,0.40182298806055144,8
S03,BuyLine,0.36608650543122645,9
S08,MegaBuy,0.25910782480832006,10
S06,HomeStore,0.22316912931098612,11
S11,SmartCart,0.19074356373313645,12
